First Name,Middle Name,Last Name,Type,Company,DECEASED,Last Name,First Name,Date of Death,,Address 1,Address 1 City,Address 1 State,Address 1 Zip,,Address 2,Address 2 City,Address 2 State,Address 2 Zip,,Address 3,Address 3 City,Address 3 State,Address 3 Zip,,Address 4,Address 4 City,Address 4 State,Address 4 Zip,,Phone 1,Phone 2,Phone 3,,Email 1,Email 2,Email 3
Norri,,Langcastle,1,Voomm,,,,,,97152 Sommers Terrace,Birmingham,AL,35279,,59555 Browning Center,Fort Wayne,IN,46852,,8 Carioca Center,Phoenix,AZ,85040,,74 Moulton Park,Marietta,GA,30061,,205-756-0729,260-593-0802,602-309-8198,,vflanigan8@weather.com,dmarzello8@comsenz.com,jrikard8@google.co.jp
Marcille,,Pomphrett,1,Voomm,,,,,,4786 Glacier Hill Pass,Kansas City,KS,66112,,316 Waubesa Park,Tallahassee,FL,32399,,01 Cherokee Plaza,Daytona Beach,FL,32123,,5578 Mcguire Point,Charlotte,NC,28263,,816-465-3778,850-636-5426,386-943-2161,,abigham9@aboutads.info,aconkie9@utexas.edu,atremeer9@va.gov
Pyotr,,Belhomme,1,Voomm,,,,,,6192 Talmadge Pass,Omaha,NE,68134,,43700 Towne Court,Garden Grove,CA,92844,,25608 Twin Pines Drive,Fort Wayne,IN,46805,,4778 Clarendon Way,Roanoke,VA,24004,,712-122-8086,,,,bhailea@businesswire.com,bciobutaroa@plala.or.jp,bmcculloucha@imdb.com
Farr,,Burnsyde,1,Voomm,DECEASED,Burnsyde,Farr,6/28/14,,,,,,,,,,,,,,,,,,,,,,,,,,,,
Melisent,,Loverock,1,Voomm,,,,,,178 La Follette Center,Peoria,IL,61629,,2880 Prentice Parkway,Springfield,OH,45505,,1 Bunker Hill Hill,Petaluma,CA,94975,,16 Oakridge Circle,Vancouver,WA,98682,,309-930-3452,937-934-2864,707-823-2163,,nbridgec@patch.com,wcritophc@arizona.edu,dpetherickc@desdev.cn
Lars,,Harlowe,1,Voomm,,,,,,97360 Walton Drive,San Antonio,TX,78265,,1 Blackbird Place,Indianapolis,IN,46266,,95455 Mcbride Plaza,Saint Paul,MN,55127,,6 Gateway Trail,Tempe,AZ,85284,,210-662-4496,,,,lstreeterd@usnews.com,ldarwoodd@geocities.jp,lglancyd@wufoo.com
Jaquelin,,Huton,1,Voomm,,,,,,610 Warner Terrace,Asheville,NC,28815,,630 Thompson Pass,Austin,TX,78789,,82 West Circle,Albany,NY,12247,,9674 Jenna Lane,Kansas City,MO,64187,,828-108-6834,512-887-3006,518-829-6743,,mefforde@typepad.com,amcdonaghe@blog.com,kdammarelle@baidu.com
Rebecka,,Loxton,1,Voomm,,,,,,5094 Del Sol Pass,Sterling,VA,20167,,1 Helena Place,Seattle,WA,98185,,443 Pearson Avenue,Norfolk,VA,23504,,9169 Northwestern Drive,Ashburn,VA,22093,,,,,,gpawlef@chronoengine.com,,
Elsa,,Dugall,1,Voomm,,,,,,83 Center Road,Manchester,NH,3105,,07 Ridgeway Avenue,Redwood City,CA,94064,,223 Walton Lane,Macon,GA,31217,,047 Packers Center,Akron,OH,44315,,603-495-5399,650-449-6194,912-364-9740,,rgriffeyg@scribd.com,lsandilandg@i2i.jp,mhintzeg@craigslist.org
Carolina,,Baskins,1,Voomm,,,,,,627 Harper Road,Des Moines,IA,50981,,626 Cody Plaza,Louisville,KY,40233,,2 Gerald Center,Lynn,MA,1905,,5 Cardinal Crossing,Wilmington,DE,19805,,515-453-5725,502-465-2949,339-472-0463,,sdrakersh@discuz.net,ppumfreyh@ibm.com,gnoteyoungh@earthlink.net